source_id,title,category,access,local_state,authority_role,automation_route,url
microchip-avr042-hardware-design,AVR042: AVR Hardware Design Considerations,mcu-foundation,free-official,identity-pinned-private-cache,generic vendor guidance,official HTTPS intake,https://ww1.microchip.com/downloads/en/appnotes/atmel-2521-avr-hardware-design-considerations_applicationnote_avr042.pdf
microchip-an2519-avr-hardware-design,AN2519: AVR Microcontroller Hardware Design Considerations,mcu-foundation,free-official,identity-pinned-private-cache,generic vendor guidance,official HTTPS intake,https://ww1.microchip.com/downloads/en/Appnotes/AN2519-AVR-Microcontroller-Hardware-Design-Considerations-00002519B.pdf
adi-an-1142-high-speed-adc-layout,AN-1142: Techniques for High Speed ADC PCB Layout,mixed-signal-pdn,free-official,network-blocked-monitor-online,generic vendor guidance,retry then browser-capable official fallback,https://www.analog.com/media/en/technical-documentation/app-notes/an-1142.pdf
adi-an-136-switching-regulator-layout,AN-136: PCB Layout Considerations for Non-Isolated Switching Power Supplies,switching-power,free-official,network-blocked-monitor-online,topology guidance,retry then browser-capable official fallback,https://www.analog.com/media/en/technical-documentation/app-notes/an-136.pdf
ti-spra953d-hardware-design-guide,Hardware Design Guide for KeyStone I Devices,complex-soc,free-official,identity-pinned-private-cache,device-family guidance,official HTTPS intake,https://www.ti.com/lit/an/spra953d/spra953d.pdf
adi-mt-101-decoupling,MT-101: Decoupling Techniques,pdn-decoupling,free-official,network-blocked-monitor-online,generic engineering guidance,retry then browser-capable official fallback,https://www.analog.com/media/en/training-seminars/tutorials/MT-101.pdf
adi-mt-031-grounding,MT-031: Grounding Data Converters and Solving the Mystery of AGND and DGND,mixed-signal-grounding,free-official,network-blocked-monitor-online,generic engineering guidance,retry then browser-capable official fallback,https://www.analog.com/media/en/training-seminars/tutorials/MT-031.pdf
ti-scaa082a-high-speed-layout,High-Speed Layout Guidelines,signal-integrity,free-official,identity-pinned-private-cache,generic vendor guidance,official HTTPS intake,https://www.ti.com/lit/an/scaa082a/scaa082a.pdf
ti-spraar7j-high-speed-interface-layout,High-Speed Interface Layout Guidelines,serdes-high-speed,free-official,identity-pinned-private-cache,interface-family guidance,official HTTPS intake,https://www.ti.com/lit/an/spraar7j/spraar7j.pdf
ti-sprad06c-ddr-layout,AM62x and AM62Lx DDR Board Design and Layout Guidelines,ddr-memory,free-official,identity-pinned-private-cache,device-family guidance,official HTTPS intake,https://www.ti.com/lit/an/sprad06c/sprad06c.pdf
ti-slla284g-digital-isolator,Digital Isolator Design Guide,isolation-emc,free-official,identity-pinned-private-cache,generic and family guidance,official HTTPS intake,https://www.ti.com/lit/an/slla284g/slla284g.pdf
ti-slva959b-motor-driver-layout,Best Practices for Board Layout of Motor Drivers,motor-high-current,free-official,identity-pinned-private-cache,topology guidance,official HTTPS intake,https://www.ti.com/lit/an/slva959b/slva959b.pdf
ti-swru458-cc31xx-cc32xx-layout,CC3120 CC3220 SimpleLink Wi-Fi and IoT Solution Layout Guidelines,rf-wireless,free-official,identity-pinned-private-cache,device-family reference-layout guidance,official HTTPS intake,https://www.ti.com/lit/ug/swru458/swru458.pdf
ti-slva673a-robust-hot-swap,Robust Hot Swap Design,power-entry-protection,free-official,identity-pinned-private-cache,topology and SOA guidance,official HTTPS intake,https://www.ti.com/lit/an/slva673a/slva673a.pdf
ti-slva773-boost-layout,Five Steps to a Good PCB Layout of a Boost Converter,switching-power,free-official,identity-pinned-private-cache,topology guidance,official HTTPS intake,https://www.ti.com/lit/an/slva773/slva773.pdf
microchip-an2648b-crystal-oscillator,AN2648: Selecting and Testing 32 kHz Crystal Oscillators for AVR Microcontrollers,clock-oscillator,free-official,identity-pinned-private-cache,device-family guidance,official HTTPS intake,https://ww1.microchip.com/downloads/aemDocuments/documents/MCU08/ApplicationNotes/ApplicationNotes/AN2648-Selecting_Testing-32KHz-Crystal-Osc-for-AVR-MCUs-00002648B.pdf
adi-an-0971-isolated-circuits-emissions,AN-0971: Recommendations for Control of Radiated Emissions with isoPower Devices,isolation-emc,free-official,network-blocked-monitor-online,device-family guidance,retry then browser-capable official fallback,https://www.analog.com/media/en/technical-documentation/app-notes/AN-0971.pdf
ti-snla387-ethernet-phy-layout-checklist,Ethernet PHY PCB Design Layout Checklist,ethernet-high-speed,free-official,identity-pinned-private-cache,interface-family checklist,official HTTPS intake,https://www.ti.com/lit/an/snla387/snla387.pdf
ti-slva680a-system-level-esd,ESD Protection Layout Guide,esd-protection,free-official,already-local-pinned,protection topology guidance,existing local source,https://www.ti.com/lit/an/slva680a/slva680a.pdf
amd-ug583,UltraScale Architecture PCB Design User Guide,fpga-soc-ddr-serdes,free-official,monitored-online-current,device-family authority,version-monitored official portal,https://docs.amd.com/r/en-US/ug583-ultrascale-pcb-design/Examples
intel-agilex5-pcb-guide,Agilex 5 PCB Design Guidelines HSSI EMIF MIPI True Differential PDN,fpga-soc-bga,free-official,monitored-online-current,device-family authority,version-monitored official portal,https://www.intel.com/content/www/us/en/docs/programmable/821801/current/overview-on-bga-patterns.html
kicad-packages3d,KiCad official 3D model libraries,cad-assets,free-open,available-upstream,preferred generic CAD source,GitLab API or pinned clone,https://gitlab.com/kicad/libraries/kicad-packages3D
ipc-2226a,IPC-2226A Sectional Design Standard for HDI Printed Boards,hdi-microvia,paid-standard,historical-original-local-current-a-absent,process standard,purchase or user-supplied local intake,https://shop.electronics.org/ipc-2226/ipc-2226-standard-only
ipc-7095d-am1,IPC-7095D Amendment 1 Design and Assembly Process for BGA,advanced-packaging,paid-standard,not-found-local,package and assembly standard,purchase or user-supplied local intake,https://shop.electronics.org/ipc-7095/ipc-7095-standard-amendments
ipc-4761,IPC-4761 Design Guide for Protection of Printed Board Via Structures,via-protection,paid-standard,not-found-local,process standard,purchase or user-supplied local intake,https://shop.electronics.org/ipc-4761/ipc-4761-standard-only
ipc-6012f,IPC-6012F Qualification and Performance Specification for Rigid Printed Boards,fabrication-quality,paid-standard,historical-c-local-current-f-absent,qualification and acceptance standard,purchase or user-supplied local intake,https://shop.electronics.org/ipc-6012/ipc-6012-standard-only/Revision-f/english
ipc-6013e,IPC-6013E Qualification and Performance Specification for Flexible and Rigid-Flexible Printed Boards,flex-rigid-flex,paid-standard,historical-d-local-current-e-absent,qualification and acceptance standard,purchase or user-supplied local intake,https://shop.electronics.org/ipc-6013/ipc-6013-standard-only
ipc-4552b,IPC-4552B ENIG Specification,surface-finish,paid-standard,not-found-local,finish specification,purchase or user-supplied local intake,https://shop.electronics.org/ipc-4552/ipc-4552-standard-only
digikey-product-information-v4,DigiKey Product Information V4,component-metadata,credentialed-api,not-configured,discovery and datasheet locator,OAuth API with user credentials,https://developer.digikey.com/products/product-information-v4/productsearch/productdetails?prod=true
mouser-search-api,Mouser Search API,component-metadata,credentialed-api,not-configured,discovery datasheet lifecycle and supply locator,API key with user account,https://www.mouser.com/en/apihome/
element14-product-search-api,element14 Product Search API,component-metadata,credentialed-api,not-configured,discovery and part metadata locator,API key with user account,https://partner.element14.com/docs/read/Home
nexar-api,Nexar API,component-and-supply-metadata,credentialed-api,client-present-no-credentials,discovery and datasheet locator only,OAuth GraphQL with user-approved terms,https://nexar.com/api
snapmagic,SnapMagic CAD Platform,cad-assets,commercial-contract,not-configured,conditional symbol footprint and 3D source,manual or contracted API with license gate,https://www.snapmagic.com/msa
ultra-librarian,Ultra Librarian,cad-assets,registration-and-terms,not-configured,conditional symbol footprint and 3D source,manual account flow or licensed integration,https://www.ultralibrarian.com/contact/
